FacultyID,Name,ScholarName
F001,Mr. Piyush Shaha,
F002,Dr. Rohit Kumar Sharma,
F003,Ms. Shubhi Trivedi,
F004,Dr. Shubhangi Vitthal Gaikwad,
F005,Dr. Kishor Rambhau Kolhe,
F006,Dr. Aarti Renukadas Shastri,
F007,Dr. Vishnu Prabhakar Choudhari,
F008,Dr. Shivangi Jaiswal,
F009,Dr. Chandrashekhar Himmatrao Patil,
F010,Dr. Shilpa Samir Chapadgaonkar,
F011,Dr. Pooja Pravin Gundewar,
F012,Dr. Rahul Verma,
F013,Mr. Heramb Chintamani Phadake,
F014,Mrs. Asha Rajendra Sanap,
F015,Mrs. Mayuri Dabhi,
F016,Dr. Neha Bokey,
F017,Dr. Manasi Gokhale,
F018,Dr. Deepak Kumar,
F019,Dr. Shamim Mohammad,
F020,Dr. Santosh Aghav,
F021,Mr. Mandar Bapat,
F022,Dr. Vinayak Sudhakar Wadgaonkar,
F023,Dr. Rupali Ram Sonolikar,
F024,Dr. Puskaraj Devidas Sonawwanay,
F025,Dr. Meenal Kaustubh Pendse,
F026,Dr. Deependra Sharma,
F027,Mr. Kundan Ramesh Nagare,
F028,Dr. Nitin Namdeo Pise,
F029,Dr. Pournima Nilesh Inamdar,
F030,Ms. Renuka Deshpande,
F031,Dr. Meenakshi Shankar Iyer,
F032,Mr. Akshay Ugale,
F033,Ms. Ruchika Khetarpal,
F034,Dr. Mandar Sapre,
F035,Dr. Kiran Kisan Kokate,
F036,Dr. Chandrashekhar Digambarrao Bobade,
F037,Dr. Mukesh Kumar Pal,
F038,Mr. Akshat Bhargava,
F039,Mr. Parimal Maya Sudhakar,
F040,Dr. Manisha Ravikumar Kowdiki,
F041,Ms. Amruta Pradeep Dixit,
F042,Dr. Sudeepta Banerjee,
F043,Dr. Ashwini Bagkar,
F044,Dr. Namrata Sathe,
F045,Dr. Mukul Sacchit Godbole,
F046,Ms. Pranati Prabhakar Waghodekar,
F047,Ms. Vaishnavi Andhare,
F048,Ms. Garima Chaudhary,
F049,Dr. Mangesh Vilas Bedekar,
F050,Dr. Purna Kumari,
F051,Dr. Deepak Popat Hujare,
F052,Dr. Shweta Yogesh Kukade,
F053,Dr. Ketaki Hanamant Kulkarni,
F054,Dr. Mithila Arvind Biniwale,
F055,Mr. Maisam Ali,
F056,Dr. Mohit Kant Kaushik,
F057,Mrs. Gauri Rahul Dhongade,
F058,Mr. Pralhad Atmaram Pesode,
F059,Dr. Priyanka Kumari,
F060,Dr. Nithya N Kutty,
F061,Dr. Sumitra Narayan Motade,
F062,Dr. Vinayak Prabhakar Musale,
F063,Dr. Shweta Devendra Shirolkar,
F064,Dr. Anuja Amlesh Askhedkar,
F065,Mrs. Diksha Dinar Bedekar,
F066,Mrs. Vandana Swapnil Jagtap,
F067,Dr. Sachin Prakash Srivastava,
F068,Dr. Shivani Gupta,
F069,Dr. Tanya Kumar,
F070,Dr. Sagar Kanekar,
F071,Ms. Kamakshi Goyal,
F072,Dr. Prashant Joshi,
F073,Dr. Shalaka Patil,
F074,Mrs. Anagha Sudhir Karne,Anagha Sudhir Karne
F075,Dr. Dnyaneshwar Ramchandra Waghole,
F076,Dr. Jivan Pandharinath Biradar,
F077,Mrs. Pallavi Utkarsh Nehete,
F078,Dr. Malhari Bhimrao Kulkarni,
F079,Dr. Soma Mishra,
F080,Dr. Nilesh Bajad,
F081,Dr. Rajeev Sengupta,
F082,Dr. Aditi Shantanu Jahagirdar,
F083,Dr. Swati Changdeo Jagdale,Dr Swati C Jagdale
F084,Mr. Nikhil Kunnath,
F085,Ms. Amruta Anil Kulkarni,
F086,Ms. Nuvita Kalra,
F087,Mrs. Rashmi Pethe,
F088,Mrs. Anita Mahesh Thengade,
F089,Mrs. Sarika Sanjay Bobde,Sarika Bobde
F090,Dr. Raghunath Subhanrao Bhadade,
F091,Dr. Anamika Jain,
F092,Mr. Dinesh Chandrakant Nikalje,
F093,Dr. Supriya Paigude,
F094,Ms. Madhura Vishnu Phatak,
F095,Dr. Sachin Balwantrao Deshmukh,
F096,Dr. Shraddha Subhash Kokane,
F097,Dr. Kundlik Vitthal Mali,
F098,Dr. Sugeeta Upadhyay,
F099,Mr. Rahul Borah,
F100,Mr. Shrirang Chaudhary,
F101,Dr. Anand J Kulkarni,Dr. Anand D Kulkarni
F102,Dr. Yogesh Raghunath Kulkarni,
F103,Dr. Ganesh Shivaji Ingle,
F104,Dr. Arti Girish Swami,
F105,Mr. Snehal Sayajirao Wagh,
F106,Mr. Swapnil Sonawane,
F107,Dr. Sumant Nivarutti Shinde,
F108,Mr. Mahesh Kulkarni,
F109,Ms. Ruchika Raj Saxena,
F110,Dr. Ashwin Bhanudas Kuchekar,
F111,Dr. T.N.Shankar,
F112,Mr. Swapnil Purushottamrao Goje,
F113,Ms. Jagruti Divakar Patil,
F114,Dr. Ganesh Prabhakar Mantri,
F115,Dr. Alka Surendra Barhatte,
F116,Dr. Vinod Sartape,
F117,Dr. Sangeetha D,
F118,Dr. Sushrut Hemant Vinchurkar,
F119,Dr. Debabrata Saha,
F120,Dr. Riddhi Gaurav Panchal,
F121,Dr. Asish Saha,
F122,Dr. Brijesh Kumar,
F123,Mrs. Vijaya Vijaykumar Pangave,
F124,Dr. Rushabh Trivedi,
F125,Dr. Neha Agashe,
F126,Dr. Ganesh Bhaurao Choudhari,
F127,Mrs. Rashmi Ashwinikumar Rane,
F128,Dr. Vinita Kale,
F129,Mrs. Anita Shivaji Gunjal,
F130,Dr. Apurva Abhijit Naik,
F131,Dr. Sasmita Behera,
F132,Dr. Vikas Keshav Jadhav,
F133,Dr. Akanksha Tandon,
F134,Ms. Anamika Singh,
F135,Ms. Madhuri Prakash Joshi,
F136,Dr. V Lenin Kumar,
F137,Dr. Milan Yadav,
F138,Mrs. Vaishali Manish Joshi,
F139,Dr. Basant Tiwari,
F140,Ms. Prajakta Balchandra Khanwalkar,
F141,Dr. Ameya Anil Patil,
F142,Dr. Ganesh Suresh Jadhav,
F143,Dr. Rajib Kumar Sinharay,
F144,Mrs. Apurva Sharma,
F145,Dr. Rajkumar Damodar Komati,
F146,Dr. Vijayapandi Pandy,Vijayapandi Pandy
F147,Mrs. Priyamwada Sachindra Mahajani,
F148,Dr. Rajashri Amit Kadam,
F149,Dr. Aparna Sameer Dixit,
F150,Dr. Anuttama Ghose,
F151,Dr. Rehan Deshmukh,
F152,Dr. Vivek Patel,
F153,Dr. Sachin Arun Kulkarni,
F154,Dr. Asim Samanta,
F155,Mrs. Aparna Virendra Shete,
F156,Dr. Vikrant Devidas Gaikwad,
F157,Dr. Anu Nair,
F158,Dr. Dinesh Shivratan Bhutada,
F159,Dr. Devendra Joshi,
F160,Dr. Anagha Yogesh Deshpande,
F161,Dr. Narendra Laxman Mathakari,
F162,Dr. Omkar Kamalakant Kulkarni,
F163,Dr. Amit Sadanand Savyanavar,
F164,Dr. Abhishek Dutta,
F165,Dr. Jehath Syed,
F166,Mr. Swapnil Virendra Chalwadi,
F167,Manjiri Dhawade,
F168,Dr. Sandip Tukaram Chavan,
F169,Mr. Rohit Borachate,
F170,Dr. Shivprakash Bhagwatrao Barve,
F171,Ms. Pallavi Rajwade,
F172,CA Dhaarna Rathore,
F173,Dr. Abhijeet Subhash Sutar,
F174,Mr. Amit Liladhar Nehete,
F175,Mr. Chaitanya Girish Burande,
F176,Dr. Ashwini Ramkrishana Gawade,
F177,Dr. Prashant Pralhad Malavadkar,
F178,Dr. Sandeep Banerjee,
F179,Dr. Meghana Ganesh Gote,
F180,Dr. Anjali Meshram,
F181,Mrs. Himangi Tanmay Neve,
F182,Dr. Samidha Anand Jawade,
F183,Ms. Renuka Pohnerkar,
F184,Ms. Shubhika Malara,
F185,Ms. Tejaswini Bharati,
F186,Dr. Shital Vasant Kahane,
F187,Mrs. Seema Jitendra Patil,
F188,Dr. PrasantaKumar Sudarshan Ghosh,
F189,Prof. Rachit Agarwal,
F190,Ms. Divyashree rao,
F191,Dr. Shubhangi Rastogi,
F192,Prof. Hossein Martin Fazeli,
F193,Dr. Aquil Ahmad Khan,
F194,CA Swapnil Mahesh Gupta,
F195,Mr. Ambrish Gaur,
F196,Dr. Anjali Milind Purohit,
F197,Dr. Anil Tukaram Pawar,
F198,Mrs. Shridevi Chandraprakash Karande,
F199,Dr. Savitri Nathrao Jadhav,
F200,CA Manjiri Vishal Gadekar,
F201,Ms. Falguni Vyas,
F202,Ms. Anuja Dilip Dhulekar,
F203,Dr. Geetika Rohit Parmar,
F204,Dr. Nidhi Gupta,Nidhi Gupta
F205,Dr. Mandar Madhukar Lele,
F206,Dr. Suman Devadula,
F207,Dr. Rahul Anant Joshi,
F208,Mrs. Rasika Ramendra Beohar,
F209,Dr. Kiran Nagare,
F210,Mr. Atul Uddhavrao Palange,
F211,Dr. Aaditi Khare,
F212,Dr. Vandana Kushwaha,
F213,Dr. Rupal Chandulal Shroff,
F214,Dr. Shilpa Snehal Sonawani,
F215,Dr. Harshali Digambar Zodpe,
F216,Dr. Himangi Milind Pande,
F217,Dr. Anu Singha,
F218,Dr. Tejaswini Pachpor,
F219,Dr. Mangeshkumar Shendkar,
F220,Dr. Rahul Ashokrao Aher,
F221,Dr. Prashant Mahadeo Patane,
F222,Dr. Umesh Shrivastava,
F223,Dr. Ashwani Pant,
F224,Mr. Sachin Shivaji Gunjal,
F225,Dr. Manasi Mishra,
F226,Dr. Anuradha Shantanu Kanade,
F227,Ms. Priya Bahirnath Kale,
F228,Dr. Abhishek Bratindranath Mukherjee,Abhishek Mukherjee
F229,Mrs. Rucha Deshpande,
F230,Dr. Girish Sharad Barpande,
F231,Dr. Mandar Bopardikar,
F232,Dr. Rupali Sandip Kute,
F233,Dr. Vinod Shastri,
F234,Dr. Balaso Nivruti Jagdale,
F235,Dr. Parveen Kumar,
F236,Mr. Abhinay Kamble,
F237,Dr. Shounak Rushikesh Sugave,
F238,Mrs. Dipali Prashant Baviskar,
F239,Mr. Sagar Sambhaji Apune,
F240,Dr. Radnyi Godase,
F241,Dr. Darshan Gopalrao Gaidhankar,
F242,Dr. Bharat Sambhu Chaudhari,
F243,Dr. Rashmi Suhas Phalnikar,
F244,Dr. Vaibhav Narendra Deshmukh,
F245,Mrs. Vrunda Hemant Agarkar,
F246,Mrs. Yogita Shivaji Hande,
F247,Mr. Abin P. Biju,
F248,Dr. Aavishkar Chittaranjan Katti,
F249,Dr. Sharbani Kaushik,
F250,CA Bipin Vishvas Palande,
F251,Dr. Veena Pravin Kshirsagar,
F252,Dr. Ashish Andhale,
F253,Dr. Raj Kumar Rajak,
F254,Dr. Sumit Gupta,
F255,Dr. Trushita Sandeep Chaware,
F256,Mrs. Manisha Rajendra Kuveskar,
F257,Dr. Sushila Manish Palwe,
F258,Dr. Bhavana Subhash Tiple,
F259,Mr. Gopal Vasudeo Wamane,
F260,Dr. Vedashree Tushar Mali,
F261,Dr. Mukund Gokhale,
F262,Mr. Mangesh Ramesh Saraf,
F263,Dr. Vikram Shete,
F264,Prof. Pratvina Vinayak Talele,
F265,Dr. Reshma Sujal Sonar,
F266,Dr. Kaustubh Arvind Sontakke,
F267,Dr. Akshay Motilal Baheti,
F268,Mr. Harshit Pratap Singh,
F269,Dr. Nathrao Bhimrao Jadhav,
F270,Dr. Heenakshi Bhansali,
F271,Dr. Aachal Taywade,
F272,Dr. Abhijeet Ramkrishna Dhere,
F273,Ms. Gayatri Lele,
F274,Mr. Bharat Santhalia,
F275,Mrs. Shreeya Chidambar Rajpurohit,
F276,Mrs. Jyoti Ganesh Mante,
F277,Dr. Akshay Bura,
F278,Mrs. Rashmi Sridhara,
F279,Dr. Mrudula Sanjay Kulkarni,
F280,Dr. Sunil Brijlal Somani,
F281,Dr. Mrunal Ninad Annadate,
F282,Dr. Amit Vishnu Jomde,
F283,Dr. Deepa Soumik Nath,
F284,Mrs. Jyoti Anirudha Lele,
F285,Dr. Amit Mishra,
F286,CMA Aniruddh Gupta,
F287,Dr. Mahesh Vasantrao Kulkarni,
F288,Ms. Aparna Ashok Kamble,
F289,Mrs. Shubhangi Rajesh Shekokar,
F290,Dr. Shailendra Jagdish Naik,
F291,Dr. Vandana Aryan Mooss,
F292,Dr. Anjali Rajesh Askhedkar,
F293,Dr. Madhumita Mukherjee,
F294,Dr. Sudhir Pandurang Patil,
F295,Dr. Akanksha Jaiswal,
F296,Dr. Akilbasha A,
F297,Mr. Surendra Hawgirao Barhatte,
F298,Dr. Mahesh Balwant Sonawane,
F299,Mrs. Sheetal Kiran Pawar,
F300,Dr. Shantini Aniruddha Bokil,
F301,Mr. Niraj Subhashrao Topare,
F302,Prof. Prasantanu Mohapatra,
F303,Dr. Rupali Gupta,
F304,Dr. Sachin Jagannath Sakhare,
F305,Dr. Krishna Keshavrao Warhade,
F306,Dr. Ajit Baburao Deore,
F307,Dr. Uma Ramachandra Pujeri,
F308,Dr. Pallavi Prashant Tatpate,
F309,Dr. Shreya Bera,
F310,Dr. Prince Dubey,
F311,Mr. Amol Prakash Narke,
F312,Mr. Gajanan Malleshi Birajdar,
F313,Dr. Sachin Jadhav,
F314,Mr. Shrihari Mahadeo Bondar,
F315,Mrs. Vanita Raj Tank,
F316,Dr. Kishanprasad Gangadhar Gunale,
F317,Dr. Ishaan R Kale,
F318,Dr. Aditi Mukherjee Chakravorty,
F319,Dr. Jaideep Gulabrao Jadhav,
F320,Dr. Prasad Anil Kulkarni,
F321,Dr. Sanjay Narayan Havaldar,
F322,Ms. Neelam Sharadchandra Pandit,
F323,Dr. Vijayashri Machindra Gurme,
F324,Ms. Smriti Tanvani,
F325,Dr. Kumar Abhijeet Raj,
F326,Dr. Shailendra Kumar Kale,
F327,Dr. Parshant Kumar,
F328,Dr. Sushma Verma,
F329,Dr. Abhijit Bendre,
F330,Dr. Rahul Roy,
F331,Dr. Samarth Dilip Patwardhan,
F332,Mr. Uday Vilas Jagadale,
F333,Dr. Deobrat Singh,
F334,Mr. Vikas Waghmare,
F335,Dr. Varsha Shriram Nerlekar,
F336,Ms. Ruchi Rani,
F337,Mr. Satyendra Kumar Prasad,
F338,Dr. Rajesh Prannath Jawajala,
F339,Dr. Vinaya Vijay Gohokar,Dr. Vinaya Gohokar
F340,Dr. Rohit Raghunath Ghadge,
F341,Dr. Saroj Shinde,
F342,Dr. Dev Kumar Thapa,
F343,Mr. Dhiresh Someshrao Shastri,
F344,Dr. Shikha Vikrant Gaikwad,
F345,Dr. Rahul Kisan Jagtap,
F346,Dr. Amruta Sameer Naik,
F347,Dr. Gautam Surendra Bapat,
F348,Prof. Asmita Gaikwad,
F349,Dr. Racheal Nikita Sharma,
F350,Dr. Pratiksha Deepak Khurpade,
F351,Ms. Mithila Shelar,
F352,Dr. Renuka Deshmukh,
F353,Mrs. Neha Prasad Sathe,
F354,Dr. Suchitra Renguntwar,
F355,Mr. Shiv Havgirao Sutar,
F356,Dr. Prashant Vilas Chaudhary,
F357,Dr. Bishnu Prasad Mohapatra,
F358,Mrs. Smita Sanjay Paithankar,
F359,Dr. Abdul Nasir Khan,
F360,Mrs. Deepali Pankaj Javale,
F361,Mr. Sanjay Babanrao Bhagwat,
F362,Dr. Swetha Rayala,
F363,Dr. Vishakha Vijay Sakhare,
F364,Prof. Dr. Manali Joshi,
F365,Mr. Sagar Ramdas Sonawane,
F366,Dr. Pradnya Siddhivinayak Kulkarni,
F367,Dr. Kunal Modak,
F368,Dr. Parul Madhuraj Jadhav,
F369,Dr. Girish Shamraoji Mude,
F370,Dr. Sudhirkumar A. Shinde,
F371,Mr. Bhushan Ganurkar,
F372,Dr. Shanu Gupta,
F373,Dr. Anuradha Chetan Phadke,
F374,Dr. Baidehish Sahoo,
F375,Dr. Alok Kumar Yadav,
F376,Dr. Prasad Vivek Joglekar,
F377,Dr. Sumedha Dhananjay Sirsikar,
F378,Mr. Abhijeet Shrikrishna Kokare,
F379,Ms. Vishakha Sharma,
F380,Dr. Nivedita Gunesh Gogate,
F381,Dr. Vanisree Trippayya Ramanathan,
F382,Dr. Sushil Kumar Gupta,
F383,Bandhali Dutta,
F384,Dr. Jagadish Hammu Naik,
F385,Dr. Suman Rawat,
F386,Dr. Rahul Vishwanath Dandage,
F387,Dr. Ganesh Pralhadrao Borikar,
F388,Dr. Satish Chinchorkar,
F389,Dr. Manisha Chandrashekhar Kumawat,Manisha Kumawat
F390,Dr. Rohit Rajabhau Salgude,
F391,Mr. Mahesh Nana Pradhan,
F392,Dr. Sachin Harle,
F393,Dr. Kiran Prakash Shejale,
F394,Teaching,
F395,Ms. Prerna Sharma,
F396,Dr. Anil Shivsharan Mashalkar,
F397,Dr. Amit Kumar,
F398,Dr. Rajesh Vinayak Patil,
F399,Dr. V N V Rama Sastry,
F400,Dr. Sharmishta Suhas Desai,
F401,Ms. Pallavi Choudhary,
F402,Dr. Ashish Shivkumar Utage,
F403,Dr. Apurv Chaitanya Nellikka,
F404,Mr. Shrikant Krishnanath Yadav,
F405,Dr. Umeshkumar Bhaiyalal Dubey,
F406,Dr. Satish Arunrao Polshettiwar,Dr. Satish Polshettiwar
F407,Dr. Abhishek Singh,
F408,Dr. Pradeep Kumar Tiwari,
F409,Dr. Soubir Das,
F410,Dr. Anjali Ajit Sane,
F411,Mr. Sandeep Sampatrao Sathe,
F412,Dr. Shankar Maruti Mali,
F413,Dr. Ashish Haribhau Pawar,
F414,Dr. Anuruddha Rajaram Chabukswar,
F415,Dr. Prajakta Vishal Adsule,
F416,Dr. Shraddha Kulkarni,
F417,Dr. Kausik Bhattacharyya,
F418,Dr. Anusha Raghavendra Pai,
F419,Dr. Anil Satishrao Hiwale,
F420,Mrs. Mamta Suyog Bhamare,Mamta Suyog Bhamare
F421,Dr. Kunal Gaurav,
F422,Mr. Prathamesh Sonawani,
F423,Mr. Nitinkumar Raghunath Anekar,
F424,Dr. Ashish Ramesh Mohture,
F425,Mrs. Anagha Arun Mahajan,
F426,Mr. Arun Balaso Mali,
F427,Mr. Pravin Raghunath Minde,
F428,Mr. Chetan Kishor Patil,
F429,Dr. Vikrant Sopan Yadav,
F430,Mr. Rushil Chandra,
F431,Dr. Pankaj Pramod Koparde,
F432,Mrs. Shruti Godbole,
F433,Dr. Makrand Mahadev Wagale,
F434,Dr. Sunil Shriram Karad,
F435,Dr. Amit Ambar Gupta,
F436,Mr. Sagar Sunil Kolapkar,
F437,Dr. VasiAhmed Ebrahim Shaikh,
F438,Dr. Esha Bansal,
F439,Dr. Prasad Pathak,
F440,Ms. Suja Sreejith Panickar,
F441,Mr. Yogesh Jayant Gaikwad,
F442,Mrs. Kavita Karan Ingale,
F443,Mrs. Shakti Sanjay Kinger,
F444,Dr. Prakash Mohan Mainkar,
F445,Mrs. Rajashree Sahadeo Jadhav,
F446,Dr. Kaustubh Vishwas Yadav,
F447,Dr. Ratnadip Rajabhau Joshi,
F448,Mrs. Vatsala Sutar,
F449,Dr. Ashok Kumar Jaiswal,
F450,Dr. Shvetank Bhatt,
F451,Dr. Dibyangana Chakraborty,
F452,Mrs. Preeti Amit Kale,
F453,Mr. Gourav Ramesh Pednekar,
F454,Dr. Swapnil Narayan Undale,
F455,Dr. Vibha Utpal Patel,
F456,Mr. Shailendra Ashok Dayane,
F457,Dr. Siddhivinayak Arvind Kulkarni,
F458,Mrs. Manjushri Sanjay Joshi,
F459,CA Swati B Mahanoor,
F460,Dr. Chetan Bhimrao Khadse,
F461,Dr. Alamgir Sani,
F462,Dr. Siddharth Shriram Shimpi,
F463,Dr. Mitulkumar Thakorbhai Solanki,
F464,Mr. Mangesh Raghvendra Mahajan,
F465,Dr. Divyanshi Pal,
F466,Dr. Rupali Kanade,
F467,Dr. Sunil Machindra Adhav,
F468,Mr. Amir Shikalgar,
F469,Dr. Meera JeevanReddy Chintala,
F470,Dr. Ujjwala Shitalkumar Rawandale,
F471,Mrs. Sheetal Suresh Rajapurkar,
F472,Ms. Vishakha Vivek Pethkar,
F473,Dr. Harshal Salunkhe,
F474,Dr. Madhuri Rao,
F475,Dr. Santosh Jaybhay,
F476,Mr. Bhushan Rameshwar Shete,
F477,Mrs. Suvarna Gopal Ranade,
F478,Dr. Neha Bharti,
F479,Dr. Kirtikumar Kondhare,
F480,Mr. Nikhil Vijaykumar Soniminde,
F481,Dr. Ramkrishna Manatkar,
F482,Mr. Rahul Gaikwad,
F483,Mrs. Sunita Mahesh Kulkarni,
F484,Dr. Dipak Abnave,
F485,Dr. Minal Prashant Deshmukh,
F486,Mrs. Sulakshana Sagar Malwade,
F487,Mr. Akash Dixit,
F488,Dr. Chinmay Devidas Deshmukh,
F489,Dr. Poonam Inamdar,
F490,Dr. Sachin Bhimrao Bhoite,
F491,Dr. Swati Deepak Bankar,
F492,Dr. Vikas Jaywant Magar,
F493,Dr. Dhanashree Umesh Tharkude,
F494,Ms. Ajita Kiran Jadhav,
F495,Mr. Adinath Dnyandev Yadhav,
F496,Dr. Kishen R. Patil,
F497,Dr. Soumava Biswas,
F498,Dr. Vishal Dasharath Ghule,
F499,Dr. Ajendra Singh,
F500,Mr. Yogadrum Kelkar,
F501,Dr. Joseph Vidyasagar Tandhara,
F502,Ms. Ritu Goel,
F503,Mr. Abhishek Prakash Chunawale,
F504,Dr. Anita Kumari,
F505,Dr. Shruti Ravindra Danve,
F506,Dr. Arunabh Pandey,
F507,Dr. Yogita Sachin Ozarde,
F508,Mrs. Renuka Amit Mane,
F509,Dr. Rohini Revansiddappa Pujari,
F510,Dr. Bishnudeo Roy,
F511,Mrs. Hemlata Sandip Ohal,
F512,Dr. Mahesh Maganlal Makwana,
F513,Dr. Pallavi Adke,
F514,Dr. Abhijith B,
F515,Dr. Anand Dhananjay Kulkarni,
F516,Dr. Waseem Khan,
F517,Dr. Jyotsna Srivastava,
F518,Dr. Aproova Shastri,
F519,Dr. Lipsa Mishra,
F520,Mrs. Parul Ghole,
F521,Dr. Nikhil Mhala,
F522,Mrs. Ramaa Ashish Sandu,
F523,Dr. Saurabh Ardra,
F524,Dr. Deepali Dhananjay Shahane,
F525,Mr. Dhananjay Bhagat,
F526,Dr. Shankar Mahadevan,
F527,Prof. Dr. Urvashi Makkar,
F528,Mr. Aayush Mayank Mishra,
F529,Dr. Arun Prakash,
F530,Dr. Sandeep Namdev Dhikale,
F531,Dr. Sanjeev Kumar Shangary,
F532,Dr. Aparna Dattatraya Pathak,
F533,Dr. Vijaykumar Bilolikar,
F534,Mr. Sandeep Balasaheb Pagar,
F535,Dr. Sandeep Chandrakant Potnis,
F536,Dr. Samuel Jacob Kuruvilla,
F537,Dr. Shahbazmubarak Abdulkhadar Dandin,
F538,Dr. Hemant Shripad Kulkarni,Hemant Kulkarni
F539,Dr. Vaishali Hanumant Gaikwad,
F540,Dr. Siraj Ahmed Bhatkar,
F541,Dr. Ankita Agarwal,
F542,Dr. Manoj Pralhad Nigadkar,
F543,Dr. Raju Shivaji Ingale,
F544,Mr. Shahrukh Sayyed,
F545,Mr. Vinay Munde,
F546,Non Teaching,
F547,Dr. Vaishali Namdevrao Choudhari,
F548,Mr. Rutwick Vyas,
F549,Mr. Chinmay Sanjay Bendre,
F550,Dr. Nilam Mahesh Pradhan,
F551,Ms. Shraddha Salvi,
F552,Dr. Umesh Kisan Raut,
F553,Mrs. Manisha Ravindra Ingle,
F554,Mr. Sanket Rajesh Tirpude,
F555,Mrs. Swati Snehal Wagh,
F556,Dr. Summon Kaul,
F557,Dr. Ajay Sahu,
F558,Ms. Madhura Dilip Londhe,
F559,Dr. Gopal Sakarkar,
F560,Dr. Prajkta Bhide,
F561,Dr. Netra Manoj Lokhande,
F562,Dr. Shubhalaxmi Sanjay Joshi,
F563,Mrs. Pradnya Vaibhav Kulkarni,
F564,Dr. Trupti Nitin Baraskar,
F565,Dr. Akshita Sparshneel Chanchlani,
F566,CA Saee Omkar Sumant,
F567,Dr. Mahesh Kumar,
F568,Dr. Basavaraj Shantaram Kothavale,
F569,Dr. Sukhada Prasad Bhingarkar,
F570,Mr. Nikhil Dattatray Deshmukh,
F571,Mrs. Shruti Shukla,
F572,Mrs. Deepali Sanjay Kulkarni,
F573,Dr. Ratna Vadra,
F574,Mr. Abhaysinha Gunvantrao Shelake,
F575,Mr. Goutam Bhaskar,
F576,Dr. Kanchan Vyankatesh Shende,
F577,Dr. Sanchi Agarwal,
F578,Dr. Vaidehi Vaibhav Deshmukh,
F579,Mrs. Bhakti Amogh Paranjape,
F580,Dr. Yashpal Dashrath Netragaonkar,
F581,Dr. Vilas Sahebrao Kanthale,
F582,Dr. Parineeta Das,
F583,Dr. Amey Shripad Deshpande,
F584,Dr. Chaitali Vivek Chandankhede,
F585,Mr. Akashdeep Sharma,
F586,Mr. Sandip Navnathrao Palve,
F587,Dr. Nikhilesh Joardar,
F588,Mrs. Manisha Mohan Wani,
F589,Dr. Ganesh Marotrao Kakandikar,
F590,Dr. Atanu Hazarika,
F591,Mr. Sanmit Sanjit Sarkar,
F592,Dr. Abhishek Madhukar Thote,
F593,Mr. Sachin Ratnakar Deshmukh,
F594,Dr. Ranjana Anup Agrawal,
F595,Dr. Sandhya Mathapati,
F596,Prof. Manish Kumar Sharma,
F597,Mr. Pramod Bapu Mali,
F598,Mr. Suryakant Karande,
F599,Mrs. Sonal Manohar Muluk,
F600,Dr. Shital Pathak,
F601,Mr. Sagar Gothkhindikar,
